title,generated_answers,reasoning
atlaslang mts 1- arabic text language into arabic sign language machine translation system.pdf,"1. Challenges of morphological complexity    Answer: Yes, the paper discusses the challenges posed by the morphological complexity of the Arabic language.    Evidence: The abstract mentions that ""Arabic is a Semitic language written from right to left. It is a derivational and flexional language, which is morphologically complex."" This indicates that the paper acknowledges the morphological complexity of Arabic, which is a fusional language.  2. Proposed techniques    Answer: The paper proposes rule-based Interlingua and example-based approaches to address the challenges of morphological complexity in low-resource machine translation.    Evidence: The abstract states, ""In this paper, we present a first version of our machine translation system ATLASLang MTS 1 based on rule-based Interlingua and example-based approaches."" It also mentions the use of the SAFAR Platform and ALKHALIL morpho system for morphological analysis.  3. Morphology-aware techniques    Answer: The paper uses morphological analyzers as a morphology-aware technique.    Evidence: The abstract describes the use of the ALKHALIL morpho system to extract the morphological properties of each word in the input sentence. This indicates a focus on morphological analysis as part of the translation process.  4. Specific findings per morphological typology (e.g., polysynthetic, agglutinative, fusional)    Answer: The abstract does not provide specific findings, challenges, or solutions related to particular morphological typologies beyond the general mention of Arabic as a morphologically complex, fusional language.    Evidence: The abstract does not detail outcomes or findings specific to different morphological typologies, focusing instead on the general challenges and techniques related to Arabic.","The abstract provides a clear overview of the challenges associated with the morphological complexity of Arabic, a fusional language, and outlines the techniques used to address these challenges, specifically rule-based and example-based approaches. However, it does not delve into specific findings or comparisons with other morphological typologies, nor does it provide detailed outcomes of the techniques used. The focus is primarily on the implementation and initial version of the translation system."
"utilizing lexical similarity between related, low-resource languages for pivot-based smt.pdf","1. Challenges of morphological complexity    Answer: The abstract does not explicitly discuss the challenges posed by the morphological complexity of the target language(s) in terms of isolating, fusional, agglutinative, or polysynthetic structures.    Evidence: The abstract mentions the use of subword units like orthographic syllables and byte pair encoded units to handle translation between related languages, which may imply dealing with morphological complexity, but it does not explicitly identify challenges related to specific morphological typologies.  2. Proposed techniques    Answer: The paper proposes using subword-level pivot-based SMT models, specifically utilizing orthographic syllables and byte pair encoded units, to address translation challenges in low-resource settings.    Evidence: The abstract states, ""We show that a subword-level pivot-based SMT model using a related pivot language is substantially better than word and morpheme-level pivot models."" It also mentions the use of orthographic syllables and byte pair encoded units as subword units.  3. Morphology-aware techniques    Answer: The paper evaluates subword modeling techniques, specifically orthographic syllables and byte pair encoded units, and finds them more effective than word and morpheme-level models.    Evidence: The abstract notes that ""subword-level pivot models significantly outperform morpheme and word-level pivot models"" and that these models are ""very competitive with subword-level direct translation.""  4. Specific findings per morphological typology (e.g., polysynthetic, agglutinative, fusional)    Answer: The abstract does not provide specific findings, challenges, or solutions related to any particular morphological typology such as polysynthetic, agglutinative, or fusional.    Evidence: While the abstract discusses improvements in translation between related languages, it does not specify outcomes or challenges for particular morphological typologies.","The abstract primarily focuses on the effectiveness of subword-level models in pivot-based SMT for related languages in low-resource settings. It highlights the advantages of using subword units over word and morpheme-level models but does not delve into specific challenges or findings related to different morphological typologies. The abstract lacks explicit discussion on morphological complexity challenges and specific typological outcomes, which limits the ability to fully address the research questions related to morphological typology."
structural biases for improving transformers on translation into morphologically rich languages.pdf,"1. Challenges of morphological complexity    Answer: Yes, the paper discusses challenges posed by the morphological complexity of the target languages, specifically for morphologically rich languages like Turkish and Inuktitut.    Evidence: The abstract mentions that there has been less progress on language pairs involving morphologically rich languages and highlights the complexity of translating into languages with complex morphology that encodes linguistic structure. It also notes the morphological complexity of Turkish and Inuktitut, which affects translation performance.  2. Proposed techniques    Answer: The paper proposes two techniques to address the challenges of morphological complexity: the TP-Transformer (TPT) and morphological tokenization.    Evidence: The abstract describes the TP-Transformer as an augmentation of the traditional Transformer architecture to include Tensor Product Representations (TPRs) for structural bias. It also discusses morphological tokenization, which segments data using morphological parsers before training the Transformer.  3. Morphology-aware techniques    Answer: The paper evaluates the effectiveness of morphology-aware techniques, specifically morphological tokenization, compared to other approaches.    Evidence: The abstract states that morphological tokenization provides substantial improvements, especially in low-data regimes, and is strongly correlated with improved performance on complex sentences. It compares this to the baseline Transformer and the TP-Transformer, noting improvements in BLEU scores.  4. Specific findings per morphological typology (e.g., polysynthetic, agglutinative, fusional)    Answer: The paper provides findings specific to agglutinative (Turkish) and polysynthetic (Inuktitut) languages.    Evidence: The abstract reports that morphological tokenization and the TP-Transformer improve performance for both Turkish and Inuktitut. It notes that Inuktitut, being more morphologically complex, benefits more from these techniques, with TPT models performing better with more complex morphology.","The abstract provides a comprehensive overview of the challenges and techniques related to translating into morphologically rich languages. It identifies specific challenges for agglutinative and polysynthetic languages and evaluates neural methods like the TP-Transformer and morphological tokenization. The abstract highlights the effectiveness of these techniques, particularly in low-resource settings, and provides comparative results for different morphological typologies. However, it does not explicitly address isolating or fusional languages, focusing instead on agglutinative and polysynthetic structures."
comparative study of low resource digaru language using smt and nmt.pdf,"1. Challenges of morphological complexity      Answer: Yes, the paper discusses challenges related to the morphological complexity of the Digaru language.      Evidence: The abstract mentions that Digaru and English exhibit significant morphological and syntactic differences, with Digaru having scarce ready-to-use corpora. It also notes that translating between languages of different language families presents inherent challenges, particularly due to Digaru's morphological richness compared to English's inflectional simplification.  2. Proposed techniques      Answer: The paper evaluates both statistical and neural methods to address the challenges of morphological complexity in low-resource machine translation.      Evidence: The abstract describes the use of Phrase-Based Statistical Machine Translation (PBSMT) and Neural Machine Translation (NMT) utilizing Recurrent Neural Network (RNN) architectures to evaluate the performance of the low-resource Digaru language in the machine translation domain.  3. Morphology-aware techniques      Answer: The abstract does not explicitly mention the use of morphology-aware techniques such as subword modeling, morphological analyzers, or morpheme segmentation.      Evidence: There is no specific mention of these techniques in the abstract. The focus is on comparing PBSMT and NMT models without detailing any morphology-specific approaches.  4. Specific findings per morphological typology (e.g., polysynthetic, agglutinative, fusional)      Answer: The abstract does not provide specific findings, challenges, or solutions related to any particular morphological typology.      Evidence: The abstract discusses the general morphological richness of Digaru and its challenges but does not categorize it into specific typologies like polysynthetic, agglutinative, or fusional, nor does it report outcomes specific to these typologies.","The abstract provides a general overview of the challenges posed by the morphological complexity of the Digaru language, particularly in comparison to English. It evaluates the effectiveness of PBSMT and NMT models but does not delve into specific morphology-aware techniques or typologies. The abstract highlights the need for effective preservation strategies for low-resource languages but lacks detailed information on specific morphological typologies or advanced techniques to address these challenges."
hybrid approaches for augmentation of translation tables for indian languages.pdf,,
annotating a low-resource language with llod technology- sumerian morphology and syntax.pdf,"1. Challenges of morphological complexity    Answer: Yes, the paper discusses challenges related to the morphological complexity of the Sumerian language, which is described as an agglutinative isolate.    Evidence: The abstract mentions that Sumerian is an ""agglutinative isolate"" and highlights the challenges in processing and annotating its morphology and syntax, particularly in a low-resource context.  2. Proposed techniques    Answer: The paper proposes using RDF technologies and LLOD resources for the annotation of morphology and syntax, as well as a dictionary-based pre-annotation and rule-based pre-annotation with SPARQL.    Evidence: The abstract describes the use of RDF technologies and LLOD resources as part of the integrative infrastructure for annotation. It also mentions dictionary-based pre-annotation and rule-based pre-annotation with SPARQL as techniques to address morphological complexity.  3. Morphology-aware techniques    Answer: The paper uses dictionary-based pre-annotation and rule-based pre-annotation with SPARQL for morphological analysis.    Evidence: The abstract discusses dictionary-based pre-annotation to improve speed and consistency, and rule-based pre-annotation using SPARQL for morphological analysis, indicating these are the morphology-aware techniques employed.  4. Specific findings per morphological typology (e.g., polysynthetic, agglutinative, fusional)    Answer: The abstract does not provide specific findings or outcomes related to different morphological typologies beyond mentioning the agglutinative nature of Sumerian.    Evidence: While the abstract identifies Sumerian as an agglutinative language, it does not report specific outcomes or findings related to this or other morphological typologies.","The abstract provides a clear overview of the challenges and techniques related to the morphological complexity of Sumerian, an agglutinative language. It highlights the use of RDF technologies and LLOD resources, as well as dictionary-based and rule-based pre-annotation methods. However, it does not offer detailed findings or comparisons with other morphological typologies, focusing instead on the specific context of Sumerian. The abstract effectively outlines the project's goals and methodologies but lacks detailed results or evaluations of the proposed techniques."
optimal word segmentation for neural machine translation into dravidian languages.pdf,"1. Challenges of morphological complexity    Answer: Yes, the paper discusses the challenges posed by the morphological complexity of the target languages, specifically focusing on Dravidian languages which are described as morphologically rich and agglutinative.    Evidence: The abstract states that Dravidian languages like Kannada and Tamil are ""morphologically very rich"" and ""highly agglutinative and inflectionally rich languages,"" which makes them difficult to translate using state-of-the-art neural models.  2. Proposed techniques    Answer: The paper evaluates subword segmentation techniques to address the challenges of morphological complexity in low-resource machine translation.    Evidence: The abstract mentions the evaluation of ""Linguistically Motivated Vocabulary Reduction (LMVR)"" against ""SentencePiece (SP)"" for translating from English into Dravidian languages. It also investigates the optimal subword vocabulary size for each language.  3. Morphology-aware techniques    Answer: The paper compares the effectiveness of LMVR, a linguistically motivated subword segmentation technique, with the purely data-driven SentencePiece.    Evidence: The abstract indicates that LMVR is a linguistically motivated word segmentation algorithm, and the study compares it to SentencePiece to determine which is more effective for translating into Dravidian languages.  4. Specific findings per morphological typology (e.g., polysynthetic, agglutinative, fusional)    Answer: The paper provides findings specific to agglutinative languages, as it focuses on Dravidian languages which are described as agglutinative.    Evidence: The abstract reports that SP is the overall best choice for segmentation in these agglutinative languages, and larger subword vocabulary sizes lead to higher translation quality.","The abstract provides a clear overview of the challenges posed by the morphological complexity of Dravidian languages, which are agglutinative. It evaluates subword segmentation techniques, specifically comparing a linguistically motivated approach (LMVR) with a statistical one (SentencePiece). The findings suggest that SentencePiece is more effective for these languages, and larger vocabulary sizes improve translation quality. However, the abstract does not discuss other morphological typologies like isolating, fusional, or polysynthetic structures, nor does it provide detailed outcomes for each typology beyond agglutinative languages."
bbns low-resource machine translation for the lorehlt 2016 evaluation.pdf,"1. Challenges of morphological complexity    Answer: Yes, the paper discusses challenges related to the morphological complexity of the target language, specifically Uyghur, which is described as having a complex agglutinative morphology.    Evidence: The abstract mentions that Uyghur, like other languages of the Turkic family, has a complex agglutinative morphology, which can benefit from morphological segmentation to reduce data sparsity and improve translation output.  2. Proposed techniques    Answer: The paper evaluates techniques such as morphological segmentation using unsupervised models like Morfessor and Flatcat to address the challenges of morphological complexity in low-resource machine translation.    Evidence: The abstract describes the use of morphological segmentation techniques, including Morfessor and Flatcat, which are unsupervised morphological analyzers that segment words into morphemes to reduce vocabulary size and improve translation.  3. Morphology-aware techniques    Answer: The paper uses morphology-aware techniques like Morfessor and Flatcat, which are compared to the baseline LDC tokenization. These techniques are shown to improve BLEU scores, indicating their effectiveness.    Evidence: The abstract reports that Morfessor reduced the out-of-vocabulary rate and improved BLEU scores compared to LDC tokenization. Flatcat, an improved variant of Morfessor, also showed significant improvements.  4. Specific findings per morphological typology (e.g., polysynthetic, agglutinative, fusional)    Answer: The paper specifically addresses agglutinative morphology, as seen in Uyghur, and reports positive outcomes from using morphological segmentation techniques.    Evidence: The abstract highlights that morphological segmentation is particularly useful for agglutinative languages like Uyghur in low-resource settings, leading to improved word alignment and translation output.","The abstract provides a focused discussion on the challenges and techniques related to the agglutinative morphology of Uyghur in a low-resource context. It highlights the use of unsupervised morphological segmentation methods to address these challenges and reports improvements in translation quality. However, the abstract does not discuss other morphological typologies such as isolating, fusional, or polysynthetic structures, nor does it provide detailed comparisons with other approaches beyond the baseline tokenization."
multilingual neural machine translation for low resourced languages- ometo-english.pdf,"1. Challenges of morphological complexity      Answer: Yes, the paper discusses challenges posed by the morphological complexity of the target languages.      Evidence: The abstract mentions ""the morphological richness and complexity of the Ometo languages which has high impact on the performance of the Ometo-English machine translation.""  2. Proposed techniques      Answer: The paper evaluates neural methods to address the challenges of morphological complexity in low-resource machine translation.      Evidence: The abstract describes the use of a neural machine translation (NMT) system, specifically mentioning the use of OpenNMT with LSTM type of RNN architecture and global attention using an encoder-decoder language model.  3. Morphology-aware techniques      Answer: The abstract does not explicitly mention any morphology-aware techniques such as subword modeling, morphological analyzers, or morpheme segmentation.      Evidence: There is no specific mention of these techniques in the abstract, and the focus is on the use of neural machine translation with shared vocabulary among the languages.  4. Specific findings per morphological typology (e.g., polysynthetic, agglutinative, fusional)      Answer: The abstract does not provide findings, identify challenges, or propose solutions specific to any particular morphological typology.      Evidence: The abstract discusses the general morphological richness and complexity of the Ometo languages but does not categorize them into specific morphological typologies or report outcomes for each.","The abstract provides a general overview of the challenges posed by the morphological complexity of the Ometo languages in a low-resource context and evaluates a neural machine translation approach to address these challenges. However, it lacks specific details on morphology-aware techniques and does not categorize the languages into specific morphological typologies. The focus is on the use of shared vocabulary and neural methods, but there is no comparison with other approaches or baselines in terms of effectiveness."
sub-word embedding auxiliary encoding in mongolian-chinese neural machine translation.pdf,"1. Challenges of morphological complexity    Answer: Yes, the paper discusses challenges posed by the morphological complexity of the Mongolian language, which is an agglutinative language.    Evidence: The abstract mentions that ""the translation quality of low-frequency words is undesirable due to the problem of data sparsity"" and that ""Mongolian exists some special characters that look like space character but have practical meaning,"" which indicates challenges related to morphological complexity and data sparsity in low-resource contexts.  2. Proposed techniques    Answer: The paper proposes techniques involving special character processing and sub-word embedding to address these challenges.    Evidence: The abstract states, ""we firstly propose a process method for Mongolian special character"" and ""we generate the sub-word embedding with large scale monolingual corpus to enhance the contextual information of the representation of low-frequency words.""  3. Morphology-aware techniques    Answer: The paper uses sub-word modeling as a morphology-aware technique and compares it to baseline methods.    Evidence: The abstract notes that ""systems with sub-word embedding from large scale monolingual corpus can capture the semantic information of low-frequency words effectively"" and that these approaches ""can improve 1-2 BLEU points above the baselines.""  4. Specific findings per morphological typology (e.g., polysynthetic, agglutinative, fusional)    Answer: The paper specifically addresses challenges and solutions for the agglutinative nature of Mongolian.    Evidence: The abstract highlights the use of morphological knowledge of Mongolian to generate sub-word embeddings and mentions that ""the proposed Mongolian special character processing can efficiently recognize the special character in Mongolian,"" which is relevant to its agglutinative structure.","The abstract provides a clear overview of the challenges related to the morphological complexity of the Mongolian language, particularly in a low-resource context. It outlines specific techniques proposed to address these challenges, such as special character processing and sub-word embedding. The abstract also compares these techniques to baseline methods, demonstrating their effectiveness. However, the abstract does not provide detailed information on other morphological typologies beyond the agglutinative nature of Mongolian."
building an extremely low resource language to high resource language machine translation system from scratch.pdf,"1. Challenges of morphological complexity    Answer: Yes, the paper discusses challenges related to morphological complexity, particularly for North Sámi, which is described as a synthetic language with complex morphological processes.    Evidence: The abstract mentions that North Sámi is a synthetic language with inflection for case, person, number, and more, and it involves suffixes and stem-internal processes, making it fusional. This complexity poses challenges in a low-resource context.  2. Proposed techniques    Answer: The paper proposes using a rule-based machine translation system to address the challenges of morphological complexity in low-resource machine translation.    Evidence: The abstract states that due to the lack of high-quality parallel corpora, a neural model approach is not feasible, and instead, a rule-based system is used, leveraging existing morpho-syntactic analyzers.  3. Morphology-aware techniques    Answer: Yes, the paper uses morphology-aware techniques such as finite-state morphology and constraint grammar for syntactic and semantic analysis.    Evidence: The abstract mentions the use of finite-state morphology and constraint grammar for syntactic and semantic analysis, which are part of the rule-based system to handle morphological complexity.  4. Specific findings per morphological typology (e.g., polysynthetic, agglutinative, fusional)    Answer: The paper provides findings specific to fusional languages, as North Sámi is described as the most fusional of all Uralic languages. The system is able to handle syntactic transfer issues such as article generation and word reordering.    Evidence: The abstract highlights that North Sámi's fusional nature requires handling morphological mismatches, such as translating cases into prepositional phrases in German, and the system's ability to manage these through rule-based methods.","The abstract provides a clear overview of the challenges posed by the morphological complexity of North Sámi, a fusional language, and the techniques used to address these challenges in a low-resource context. It emphasizes the use of rule-based methods, specifically finite-state morphology and constraint grammar, to manage these complexities. However, the abstract does not discuss other morphological typologies like isolating, agglutinative, or polysynthetic structures, nor does it compare the effectiveness of the proposed techniques against other approaches or baselines. The focus is primarily on the fusional nature of North Sámi and the solutions developed for this specific context."
triples-to-isixhosa (t2x)- addressing the challenges of low-resource agglutinative data-to-text generation.pdf,"1. Challenges of morphological complexity    Answer: Yes, the paper discusses the challenges posed by the morphological complexity of agglutinative languages in a low-resource context.    Evidence: The abstract mentions that isiXhosa is an agglutinative language, which requires subword-based modeling due to its morphological complexity. It highlights that English data-to-text models are not suitable for agglutinative languages like isiXhosa, where even simple templates are subword-based.  2. Proposed techniques    Answer: The paper proposes and evaluates neural methods to address the challenges of morphological complexity in low-resource contexts.    Evidence: The abstract describes the development of a new neural architecture called the Subword Segmental Pointer Generator (SSPG), which is designed for agglutinative data-to-text generation. It also explores fine-tuning machine translation models as a method to improve performance.  3. Morphology-aware techniques    Answer: The paper uses subword modeling as a morphology-aware technique and compares it to other approaches.    Evidence: The abstract discusses the use of subword segmentation and the SSPG model, which jointly learns subword segmentation and copying. It compares SSPG to other models, noting that it outperforms existing dedicated models for agglutinative languages like isiXhosa and Finnish.  4. Specific findings per morphological typology (e.g., polysynthetic, agglutinative, fusional)    Answer: The paper provides findings specific to agglutinative languages.    Evidence: The abstract reports that SSPG outperforms other models for agglutinative languages, specifically isiXhosa and Finnish, indicating that the model is well-suited to the challenges posed by agglutinative morphology.","The abstract provides a focused discussion on the challenges and solutions related to agglutinative languages in a low-resource context. It highlights the need for subword-based modeling due to the morphological complexity of such languages and introduces a new neural architecture designed to address these challenges. The abstract does not mention other morphological typologies like isolating, fusional, or polysynthetic, nor does it provide detailed comparisons with rule-based or statistical methods. The findings are specific to agglutinative languages, with no information on other typologies."
enhancing spanish-quechua machine translation with pre-trained models and diverse data sources- lct-ehu at americasnlp shared task.pdf,"1. Challenges of morphological complexity    Answer: The abstract does not explicitly discuss the challenges posed by the morphological complexity of the target language(s).    Evidence: The abstract mentions the morphological similarity between Finnish and Quechua, specifically noting that both are agglutinative languages, but it does not detail specific challenges related to morphological complexity.  2. Proposed techniques    Answer: The paper evaluates the use of pre-trained machine translation models and additional techniques such as copied corpus and back-translation to address challenges in low-resource machine translation.    Evidence: The abstract states that the authors ""explore the usage of different approaches"" including obtaining new parallel corpora, comparing pre-trained MT models, and exploring techniques like copied corpus and back-translation.  3. Morphology-aware techniques    Answer: The abstract does not mention specific morphology-aware techniques such as subword modeling, morphological analyzers, or morpheme segmentation.    Evidence: There is no mention of these specific techniques in the abstract. The focus is on pre-trained models and data augmentation strategies.  4. Specific findings per morphological typology (e.g., polysynthetic, agglutinative, fusional)    Answer: The abstract provides findings related to agglutinative languages, noting that the Spanish-Finnish pre-trained model, which leverages the agglutinative nature of Finnish, outperforms other setups.    Evidence: The abstract mentions that the Spanish-Finnish pre-trained model was chosen due to Finnish's morphological similarity to Quechua (both being agglutinative) and that this model outperformed other setups.","The abstract provides insights into the techniques used to enhance Spanish-Quechua machine translation, particularly focusing on leveraging pre-trained models and diverse data sources. It highlights the effectiveness of using a Spanish-Finnish model due to the agglutinative nature of both Finnish and Quechua. However, it lacks detailed discussion on specific morphological challenges or morphology-aware techniques. The abstract does not address challenges or solutions specific to other morphological typologies beyond agglutinative languages."
noise-based adversarial training for enhancing agglutinative neural machine translation.pdf,"1. Challenges of morphological complexity    Answer: Yes, the paper discusses challenges posed by the morphological complexity of agglutinative languages.    Evidence: The abstract mentions that neural machine translation systems have a major drawback in handling rare words, which is more prominent in agglutinative language tasks due to the sparsity of the vocabulary. The varied morphology deceives the translation model, resulting in a large amount of <unk> symbols.  2. Proposed techniques    Answer: The paper proposes a multi-granularity preprocessing based on morphological segmentation and a filtering mechanism to address the challenges of morphological complexity.    Evidence: The abstract states that the study solves the problem of unknown (UNK) words in machine translation of agglutinative languages by using a multi-granularity preprocessing based on morphological segmentation and a filtering mechanism to identify the most suitable granularity for the current input sequence.  3. Morphology-aware techniques    Answer: The paper uses morphological segmentation as a technique and compares it to other approaches, showing significant improvement in BLEU scores over several strong baselines.    Evidence: The abstract mentions that the proposed approach achieved significant improvement in BLEU scores for Mongolian → Chinese and Japanese → English translation tasks compared to several strong baselines, indicating the effectiveness of the morphology-aware techniques.  4. Specific findings per morphological typology (e.g., polysynthetic, agglutinative, fusional)    Answer: The paper provides findings specific to agglutinative languages, reporting significant improvements in translation tasks for Mongolian → Chinese and Japanese → English.    Evidence: The abstract specifically mentions improvements in BLEU scores for the agglutinative language machine translation tasks of Mongolian → Chinese and Japanese → English, indicating the focus on agglutinative languages.","The abstract provides a clear focus on addressing the challenges of morphological complexity in agglutinative languages through novel techniques involving morphological segmentation and filtering mechanisms. It highlights the effectiveness of these techniques by reporting improvements in BLEU scores over baseline systems. However, the abstract does not discuss other morphological typologies such as isolating, fusional, or polysynthetic structures, nor does it address low-resource contexts explicitly. The findings are specific to agglutinative languages, and the abstract does not provide detailed comparisons with other morphological typologies."
analysis of neural machine translation kangri language by unsupervised and semi supervised methods.pdf,"1. Challenges of morphological complexity      Answer: Yes, the paper discusses the challenges posed by the morphological complexity of the Kangri language.      Evidence: The abstract mentions that Kangri is a ""morphologically rich language"" and highlights the lack of well-defined linguistic rules, which complicates the translation task.  2. Proposed techniques      Answer: The paper proposes and evaluates neural methods, specifically unsupervised and semi-supervised learning techniques, to address the challenges of morphological complexity in low-resource machine translation.      Evidence: The abstract describes the use of a shared encoder with back translation and a language model with a denoising autoencoder, both of which are neural methods. It also mentions the use of cross-lingual word embeddings.  3. Morphology-aware techniques      Answer: The paper uses subword modeling techniques, such as Byte Pair Encoding (BPE), to address the out-of-vocabulary problem, which is related to morphological complexity.      Evidence: The abstract discusses the use of BPE and joint BPE for word segmentation to generate subword embeddings, which are evaluated for their effectiveness in handling out-of-vocabulary words.  4. Specific findings per morphological typology (e.g., polysynthetic, agglutinative, fusional)      Answer: The abstract does not provide specific findings, challenges, or solutions related to any particular morphological typology such as polysynthetic, agglutinative, or fusional.      Evidence: The abstract only mentions that Kangri is a morphologically rich language but does not specify its typology or provide outcomes specific to any morphological typology.","The abstract provides a general overview of the challenges and techniques related to the morphological complexity of the Kangri language, a low-resource language. It highlights the use of neural methods and subword modeling to address these challenges. However, it does not delve into specific morphological typologies or provide detailed findings related to them. The focus is more on the general approach to handling low-resource languages with morphological richness rather than on specific typological challenges."
neural machine translation based on improved actor-critic method.pdf,"1. Challenges of morphological complexity      Answer: Yes, the paper discusses challenges related to morphological complexity, specifically for low-resource agglutinative languages.      Evidence: The abstract mentions that the actor-critic method does not show significant results for low-resource agglutinative languages, indicating a challenge in handling the morphological complexity of such languages.  2. Proposed techniques      Answer: The paper proposes a novel actor-critic approach that provides additional affix-level rewards and combines them with traditional token-level rewards.      Evidence: The abstract states, ""we propose a novel actor-critic approach that provides additional affix-level rewards and also combines the traditional token-level rewards to guide the parameters update of the NMT model.""  3. Morphology-aware techniques      Answer: The paper uses affix-level rewards as a morphology-aware technique to address challenges in low-resource agglutinative languages.      Evidence: The abstract highlights the use of affix-level rewards in conjunction with token-level rewards to improve translation quality, particularly for languages with rich morphology.  4. Specific findings per morphological typology (e.g., polysynthetic, agglutinative, fusional)      Answer: The paper specifically addresses agglutinative languages and reports improved BLEU scores when using affix-level rewards.      Evidence: The abstract mentions an ablation study on the CCMT2019 Mongolian-Chinese task, which is an agglutinative language, showing improved BLEU scores with the use of affix-level rewards.","The abstract provides a focused discussion on the challenges and solutions related to morphological complexity in low-resource agglutinative languages. It highlights the use of affix-level rewards as a novel technique to improve translation quality. However, the abstract does not mention other morphological typologies like polysynthetic or fusional languages, nor does it compare the proposed techniques to other morphology-aware approaches. The findings are specific to agglutinative languages, with reported improvements in translation quality."
neural machine translation for sanskrit to malayalam using morphology and evolutionary word sense disambiguation.pdf,"1. Challenges of morphological complexity    Answer: Yes, the paper discusses challenges related to the morphological complexity of the target languages, specifically Sanskrit and Malayalam.    Evidence: The abstract mentions that ""the development of the morphological analyzer of Malayalam is initially followed rule-based approaches"" and highlights the challenges due to ""influences, many suffixes, and word compounding"" in Malayalam. It also notes the complexity in Sanskrit due to its ""morphologic characters"" and the need for ""word division in Sanskrit.""  2. Proposed techniques    Answer: The paper proposes neural methods to address the challenges of morphological complexity in low-resource machine translation.    Evidence: The abstract describes the use of ""sequential deep learning approaches such as a recurrent neural network (RNN), a gated recurrent unit (GRU), a long short term memory (LSTM), and a bi-directional LSTM (BLSTM)"" for analyzing tagged data. It also mentions the use of a ""deep morph analyzer module"" and ""deep learning-based POS tagger.""  3. Morphology-aware techniques    Answer: The paper uses morphology-aware techniques such as morphological analyzers and morpheme segmentation, and these are integrated into a neural machine translation model.    Evidence: The abstract states that ""by adding morphological elements and evolutionary word sense disambiguation, the suggested common character-word embedding-based NMT model gives a BLEU score of 38.58 which was higher than the others."" This suggests a comparison with other models, indicating the effectiveness of the morphology-aware approach.  4. Specific findings per morphological typology (e.g., polysynthetic, agglutinative, fusional)    Answer: The abstract does not provide specific findings or solutions related to particular morphological typologies such as polysynthetic, agglutinative, or fusional.    Evidence: The abstract discusses the morphological complexity of Sanskrit and Malayalam but does not categorize them into specific morphological typologies or report outcomes specific to such typologies.","The abstract provides a comprehensive overview of the challenges and techniques related to the morphological complexity of Sanskrit and Malayalam in the context of neural machine translation. It highlights the use of deep learning methods and morphology-aware techniques to improve translation quality. However, it does not delve into specific morphological typologies or provide detailed comparisons with other approaches beyond mentioning a higher BLEU score. The abstract focuses on the integration of morphological analysis and word sense disambiguation into the NMT model, indicating a neural approach to handling morphological complexity."
log-linear models for uyghur segmentation in spoken language translation.pdf,"1. Challenges of morphological complexity    Answer: Yes, the paper discusses challenges posed by the morphological complexity of the Uyghur language, which is an agglutinative language.    Evidence: The abstract mentions that Uyghur is an agglutinative language with rich derivational and inflectional morphology, which contributes to data sparsity in machine translation tasks. It also highlights challenges in morphological segmentation for Uyghur-Chinese spoken translation due to the informal nature of spoken language and the presence of one-to-many and NULL alignments.  2. Proposed techniques    Answer: The paper proposes a log-linear based morphological segmentation approach to address the challenges of morphological complexity in low-resource machine translation.    Evidence: The abstract describes the use of a log-linear model that integrates several features, including CRF features, bilingual word alignment features, and monolingual suffix-word co-occurrence features, to optimize Uyghur segmentation for spoken translation.  3. Morphology-aware techniques    Answer: The paper uses a log-linear model with CRF features, bilingual word alignment features, and monolingual suffix-word co-occurrence features as morphology-aware techniques.    Evidence: The abstract states that these features are integrated into the log-linear model to optimize morphological segmentation, resulting in a 1.6 BLEU score improvement over the state-of-the-art baseline.  4. Specific findings per morphological typology (e.g., polysynthetic, agglutinative, fusional)    Answer: The paper specifically addresses the agglutinative nature of the Uyghur language and reports improved translation performance using the proposed techniques.    Evidence: The abstract highlights that the proposed approach, which considers the agglutinative nature of Uyghur, achieves significant BLEU improvements in Uyghur-Chinese spoken translation.","The abstract provides a clear overview of the challenges associated with the agglutinative nature of the Uyghur language in the context of low-resource machine translation. It outlines the proposed log-linear model and the integration of various features to address these challenges. The abstract also reports on the effectiveness of these techniques, specifically for the agglutinative typology, by demonstrating improved translation performance. However, the abstract does not discuss other morphological typologies such as isolating, fusional, or polysynthetic structures, nor does it provide a detailed comparison with other approaches beyond the baseline."
a study of kannada to english baseline statistical machine translation system.pdf,"1. Challenges of morphological complexity    Answer: Yes, the paper discusses challenges posed by the morphological complexity of the Kannada language, which is described as highly agglutinative and morphologically rich.    Evidence: The abstract mentions that ""Kannada is a morphologically rich language"" and highlights issues such as ""many words with morpho tactics of a base Kannada words will not get translated into English"" due to the lack of morphological variants in the baseline machine translation system.  2. Proposed techniques    Answer: The paper evaluates a statistical machine translation (SMT) approach to address the challenges of morphological complexity in low-resource machine translation.    Evidence: The abstract states that the study presents a ""Kannada-English baseline system"" using statistical machine translation, trained on a parallel corpus of 20,000 Kannada-English Bible sentences.  3. Morphology-aware techniques    Answer: The abstract does not mention any specific morphology-aware techniques such as subword modeling, morphological analyzers, or morpheme segmentation.    Evidence: There is no evidence in the abstract of the use of specific morphology-aware techniques. The focus is on the statistical machine translation approach without detailed mention of handling morphological complexity through specialized techniques.  4. Specific findings per morphological typology (e.g., polysynthetic, agglutinative, fusional)    Answer: The paper specifically addresses the agglutinative nature of Kannada and reports on the challenges and outcomes related to this typology.    Evidence: The abstract notes that ""Kannada is a highly agglutinative and morphologically rich language"" and discusses the impact of this on translation, such as the high number of unique words and the resulting BLEU scores.","The abstract provides a focused discussion on the challenges of translating a morphologically rich and agglutinative language like Kannada into English using a statistical machine translation approach. It highlights the issues of morphological complexity and the limitations of the baseline SMT system in handling these challenges. However, it does not delve into specific morphology-aware techniques or compare them to other approaches. The findings are specific to the agglutinative nature of Kannada, with no mention of other morphological typologies. The abstract lacks detailed information on advanced techniques or comparisons with other methods, indicating a potential area for further exploration."
neural machine translation model using gru with hybrid attention mechanism for english to kannada language.pdf,"1. Challenges of morphological complexity      Answer: Yes, the paper discusses challenges posed by the morphological complexity of the target language, Kannada.      Evidence: The abstract mentions ""the complexity of Kannada's linguistic structure"" and ""Kannada's morphological complexity"" as challenges in the field of Neural Machine Translation (NMT) for the English-Kannada language pair.  2. Proposed techniques      Answer: The paper proposes a novel NMT model based on Gated Recurrent Units (GRU) and a Hybrid attention mechanism, along with language-specific preprocessing techniques and data augmentation tactics.      Evidence: The abstract states, ""This research proposes a novel NMT model based on Gated Recurrent Units (GRU) and a Hybrid attention mechanism designed specifically for Kannada's morphological complexity."" It also mentions ""language-specific preprocessing techniques and employing data augmentation tactics.""  3. Morphology-aware techniques      Answer: The abstract does not explicitly mention any morphology-aware techniques such as subword modeling, morphological analyzers, or morpheme segmentation.      Evidence: There is no specific mention of morphology-aware techniques in the abstract. The focus is on the GRU-based model with hybrid attention and preprocessing techniques.  4. Specific findings per morphological typology (e.g., polysynthetic, agglutinative, fusional)      Answer: The abstract does not provide specific findings, challenges, or solutions related to any particular morphological typology such as polysynthetic, agglutinative, or fusional.      Evidence: The abstract does not mention any specific morphological typologies or outcomes related to them.",The abstract provides a general overview of the challenges associated with the morphological complexity of Kannada in the context of low-resource NMT. It highlights the proposed GRU-based model with hybrid attention as a solution but does not delve into specific morphology-aware techniques or typologies. The abstract lacks detailed information on how the proposed methods compare to other approaches or specific outcomes for different morphological typologies.
are ellipses important for machine translation?.pdf,"1. Challenges of morphological complexity    Answer: Yes, the paper discusses challenges related to morphological complexity, particularly in the context of translating between English and Telugu, which is an agglutinative language.    Evidence: The abstract mentions that the frequency of errors is slightly more in Telugu than in Hindi, hinting at a possible correlation between the translation of ellipses and the morphological incongruity of the source and target languages. Telugu is described as an agglutinative language, which is rather unrelated to English.  2. Proposed techniques    Answer: The paper evaluates the impact of reconstructing ellipses with their antecedents to improve translation adequacy.    Evidence: The abstract states that translation adequacy shows improvement when ellipses are reconstructed with their antecedents, suggesting that this reconstruction is a technique evaluated in the study.  3. Morphology-aware techniques    Answer: The abstract does not explicitly mention any morphology-aware techniques such as subword modeling, morphological analyzers, or morpheme segmentation.    Evidence: There is no specific mention of morphology-aware techniques in the abstract, only a general discussion of ellipsis reconstruction.  4. Specific findings per morphological typology (e.g., polysynthetic, agglutinative, fusional)    Answer: The abstract provides findings specific to agglutinative languages, noting that Telugu, an agglutinative language, shows a higher frequency of translation errors compared to Hindi.    Evidence: The abstract notes that Telugu, being an agglutinative language, has a slightly higher frequency of errors, suggesting a challenge specific to this morphological typology.","The abstract provides insights into the challenges posed by morphological complexity, particularly in agglutinative languages like Telugu, and evaluates the technique of ellipsis reconstruction to address these challenges. However, it does not discuss specific morphology-aware techniques or provide detailed comparisons with other approaches. The findings are specific to the agglutinative typology, with no mention of other morphological typologies such as polysynthetic or fusional. This indicates a focus on the specific language pairs studied, with potential gaps in addressing broader morphological typologies or techniques."
implementation of neural machine translation for nahuatl as a web platform- a focus on text translation.pdf,"1. Challenges of morphological complexity    Answer: Yes, the paper discusses challenges related to the morphological complexity of Nahuatl, a polysynthetic language.    Evidence: The abstract mentions that translating from a polysynthetic language like Nahuatl to a fusional one like Spanish faces difficulties, particularly in the loss of morphemes due to structural differences. It highlights the challenge of tokenizing Nahuatl in a way that captures its morphemes.  2. Proposed techniques    Answer: The paper evaluates neural methods, specifically Neural Machine Translation (NMT) using attention architectures like transformers and RNNs, to address the challenges of morphological complexity in low-resource machine translation.    Evidence: The abstract describes the use of transformers and RNNs with attention mechanisms to improve translation from Nahuatl, a low-resource language. It also mentions the use of tokenization techniques to handle the language's morphological complexity.  3. Morphology-aware techniques    Answer: Yes, the paper uses subword modeling techniques, specifically SentencePiece, to address morphological complexity.    Evidence: The abstract states that SentencePiece, a subword tokenization method, was used and showed improvement in BLEU scores compared to other tokenization methods like Spacy. This suggests its effectiveness in handling the morphological complexity of Nahuatl.  4. Specific findings per morphological typology (e.g., polysynthetic, agglutinative, fusional)    Answer: The paper provides findings specific to the polysynthetic nature of Nahuatl, reporting that transformers with subword tokenization (SentencePiece) significantly improved translation performance.    Evidence: The abstract reports that transformers outperformed RNNs and SMT, achieving a BLEU score of 66.45, and highlights the effectiveness of subword tokenization in capturing the polysynthetic structure of Nahuatl.","The abstract provides a comprehensive overview of the challenges and techniques related to the morphological complexity of Nahuatl, a polysynthetic language. It highlights the use of neural methods, particularly transformers with subword tokenization, as effective solutions. However, the abstract does not provide detailed comparisons with other morphological typologies like agglutinative or fusional languages, focusing primarily on the polysynthetic nature of Nahuatl. This focus limits the generalizability of the findings to other language types."
ga-based machine translation system for sanskrit to hindi language.pdf,"1. Challenges of morphological complexity    Answer: The abstract does not explicitly discuss the challenges posed by the morphological complexity of the target languages in terms of isolating, fusional, agglutinative, or polysynthetic structures.    Evidence: The abstract mentions the importance of morphological analysis in the translation process but does not specify challenges related to different morphological typologies.  2. Proposed techniques    Answer: The paper proposes a genetic algorithm-based machine translation system to address translation challenges.    Evidence: The abstract states, ""In this proposed work, genetic algorithm-based machine translation system is proposed for the translation of Sanskrit into Hindi language which is more efficient than the existing translation systems.""  3. Morphology-aware techniques    Answer: The abstract mentions the use of morphological analysis as part of the translation process but does not provide a detailed comparison to other approaches or baselines.    Evidence: The abstract describes the process of morphological analysis as part of the initial phase of the translation system but does not compare it to other techniques.  4. Specific findings per morphological typology (e.g., polysynthetic, agglutinative, fusional)    Answer: The abstract does not provide findings, identify challenges, or propose solutions specific to any particular morphological typology.    Evidence: There is no mention of specific morphological typologies or outcomes related to them in the abstract.","The abstract provides an overview of a genetic algorithm-based machine translation system for Sanskrit to Hindi translation, highlighting the use of morphological analysis and genetic algorithms. However, it lacks specific details on the challenges of morphological complexity, comparisons of morphology-aware techniques, and findings related to specific morphological typologies. The focus is more on the general approach and efficiency of the proposed system rather than on detailed linguistic typological analysis."
modifiedecs (mecs) algorithm for madurese-indonesian rule-based machine translation.pdf,"1. Challenges of morphological complexity      Answer: Yes, the paper discusses challenges posed by the morphological complexity of the Madurese language.      Evidence: The abstract mentions that the Madurese language has unique morphological characteristics, including affixation, root words, degree modifiers, and reduplication, which require careful study. It highlights the complexity of affixes, which can have different meanings depending on the conditions.  2. Proposed techniques      Answer: The paper proposes a rule-based technique to address the challenges of morphological complexity.      Evidence: The abstract describes the development of a new stemming algorithm called modified ECS (mECS), which is a modification of the ECS stemming method combined with Rule-Based word morphology. This approach is used in the Rule-Based Machine Translation (RBMT) system for Madurese-Indonesian translation.  3. Morphology-aware techniques      Answer: The paper uses a morphology-aware technique in the form of a modified stemming algorithm (mECS) that focuses on converting word forms into root words and managing affixes.      Evidence: The abstract states that the mECS algorithm is developed to handle the unique morphological characteristics of the Madurese language, such as affixes and reduplication, and synchronizes the results with machine translation.  4. Specific findings per morphological typology (e.g., polysynthetic, agglutinative, fusional)      Answer: The abstract does not provide specific findings or solutions related to any particular morphological typology such as polysynthetic, agglutinative, or fusional.      Evidence: The abstract focuses on the unique morphological features of the Madurese language and the development of the mECS algorithm but does not categorize these features into specific morphological typologies.","The abstract provides a clear overview of the challenges posed by the morphological complexity of the Madurese language and the proposed rule-based technique to address these challenges. It highlights the development of a modified stemming algorithm (mECS) to handle the unique morphological features of the language. However, it does not provide specific findings or solutions related to particular morphological typologies such as polysynthetic, agglutinative, or fusional, which limits the scope of the analysis in terms of typological specificity."
adversarial training for unknown word problems in neural machine translation.pdf,"1. Challenges of morphological complexity    Answer: Yes, the paper discusses challenges posed by morphological complexity, particularly focusing on languages with abundant morphology.    Evidence: The abstract mentions that ""unknown (UNK) words also come from the misunderstanding of the translation model to the morphological changes,"" highlighting the challenges in translating languages with complex morphological structures.  2. Proposed techniques    Answer: The paper proposes a new generative adversarial network (GAN) with added value constraints and semantic enhancement, as well as a preprocessing technique that mixes morphological noise.    Evidence: The abstract states, ""we explore two ways to alleviate the UNK problem in NMT: a new generative adversarial network (added value constraints and semantic enhancement) and a preprocessing technique that mixes morphological noise.""  3. Morphology-aware techniques    Answer: The paper uses a preprocessing technique that involves mixing morphological noise, which can be considered a morphology-aware approach.    Evidence: The abstract describes a preprocessing technique that ""mixes morphological noise,"" which suggests an awareness of morphological structures in the translation process.  4. Specific findings per morphological typology (e.g., polysynthetic, agglutinative, fusional)    Answer: The paper provides specific findings for agglutinative and morphological rich languages, such as Japanese and Arabic, respectively.    Evidence: The abstract reports experimental results for ""agglutinative language Japanese→English, and morphological rich language Arabic→English,"" indicating that the proposed method achieves significant improvements in these contexts.","The abstract provides a clear overview of the challenges related to morphological complexity in neural machine translation, particularly for languages with rich morphological structures. It outlines the proposed techniques, including a GAN model and a preprocessing method, to address these challenges. The abstract also highlights the effectiveness of these techniques in specific language typologies, such as agglutinative and morphological rich languages. However, it does not explicitly mention polysynthetic or fusional languages, which could be a limitation in the scope of the study."
the research on morpheme-based mongolian-chinese neural machine translation.pdf,"1. Challenges of morphological complexity      Answer: Yes, the paper discusses challenges posed by the morphological complexity of the Mongolian language, which is an agglutinative language. The specific challenges identified include the rich morphology leading to data sparsity and increased vocabulary size, which complicates neural machine translation.      Evidence: The abstract mentions that ""Mongolian is an Agglutinative language, has many different types of morphological changes,"" and that ""word-level machine translation cannot capture these hidden meanings."" It also notes that ""different deformations of the same stem are trained as different units, which increase the size of vocabulary and increase the difficulty of neural machine translation.""  2. Proposed techniques      Answer: The paper proposes a morpheme-based approach to address the challenges of morphological complexity in low-resource machine translation. This involves segmenting Mongolian words into morphemes and using a bidirectional encoder and attention-based decoder framework.      Evidence: The abstract states, ""we studied the morpheme-based Mongolian-Chinese end-to-end neural machine translation under the framework of bidirectional encoder and attention-based decoder."" It also describes segmenting Mongolian words from different granularity levels.  3. Morphology-aware techniques      Answer: The paper uses morpheme segmentation as a morphology-aware technique and compares it to a baseline word-based model. The morpheme-based approach is found to be more effective, improving the quality of machine translation.      Evidence: The abstract reports that ""the morpheme-based Mongolian-Chinese neural machine translation model can improve the quality of machine translation,"" with specific improvements in NIST and BLEU scores compared to the baseline.  4. Specific findings per morphological typology (e.g., polysynthetic, agglutinative, fusional)      Answer: The paper specifically addresses the agglutinative nature of the Mongolian language and reports that morpheme segmentation effectively solves data sparsity and improves translation performance.      Evidence: The abstract highlights that ""the segmentation of Mongolian word effectively solves the data sparsity of Mongolian,"" and the optimal model involves partial segmentation of Mongolian words, which is characteristic of agglutinative languages.","The abstract provides a clear focus on the challenges and solutions related to the morphological complexity of the Mongolian language, an agglutinative language. It outlines the use of morpheme segmentation as a technique to address these challenges and compares its effectiveness to a baseline model. However, the abstract does not discuss other morphological typologies like polysynthetic or fusional languages, nor does it provide detailed comparisons with other approaches beyond the baseline. The findings are specific to the agglutinative nature of Mongolian, and the abstract effectively communicates the improvements achieved through the proposed techniques."
nmt for a low resource language bodo- preprocessing and resource modelling.pdf,"1. Challenges of morphological complexity    Answer: Yes, the paper discusses challenges related to the morphological complexity of the Bodo language, which is described as highly inflectional with significant use of suffixation.    Evidence: The abstract mentions that Bodo is a ""highly inflectional language, where words are created through compounding and affixation,"" and highlights the use of suffixes as a primary morphological feature.  2. Proposed techniques    Answer: The paper proposes the use of subword tokenization techniques to address the challenges of morphological complexity in low-resource machine translation.    Evidence: The abstract discusses the use of multiple subword tokenizers, including SentencePiece, Byte-Pair Encoding (BPE), and WordPiece, to handle rare and unknown words and improve vocabulary generation.  3. Morphology-aware techniques    Answer: The paper evaluates subword modeling techniques, specifically SentencePiece, BPE, and WordPiece, to handle morphological complexity.    Evidence: The abstract states that these subword tokenizers are experimented with to capture rare and unknown words, and it highlights the importance of proper sub-tokenization in improving the quality of neural machine translation.  4. Specific findings per morphological typology (e.g., polysynthetic, agglutinative, fusional)    Answer: The abstract does not provide specific findings or solutions related to particular morphological typologies such as polysynthetic, agglutinative, or fusional.    Evidence: There is no mention in the abstract of specific outcomes or solutions tailored to particular morphological typologies beyond the general discussion of Bodo's inflectional nature.","The abstract provides a clear overview of the challenges posed by the morphological complexity of the Bodo language, particularly its inflectional nature. It outlines the use of subword tokenization techniques as a solution to these challenges, emphasizing their role in improving translation quality. However, the abstract does not delve into specific findings or solutions for different morphological typologies beyond the general context of the Bodo language. This indicates a focus on the practical application of subword tokenization rather than a detailed exploration of typological differences."
impacts of approaches for agglutinative-lrl neural machine translation (nmt)- a case study on manipuri-english pair.pdf,"1. Challenges of morphological complexity    Answer: Yes, the paper discusses the challenges posed by the morphological complexity of the target language, specifically for agglutinative languages.    Evidence: The abstract mentions that Manipuri/Meeteilon is a ""highly agglutinative language where words have extensive suffixation with limited prefixation,"" and it is noted that NMT is ""extremely challenging for Low-Resource Languages (LRL) with complex morphology.""  2. Proposed techniques    Answer: The paper evaluates several techniques to address the challenges of morphological complexity in low-resource machine translation, including subword tokenization, tuning of the self-attention-based NMT model, utilization of monolingual corpus by iterative back-translation, and embedding-based sentence filtering for back translation.    Evidence: The abstract lists these methods as part of the research work conducted to improve translation accuracy in a low-resource setting.  3. Morphology-aware techniques    Answer: The paper uses subword modeling (specifically Byte-Pair Encoding) as a morphology-aware technique and compares its effectiveness to a baseline.    Evidence: The abstract states that subword tokenization was one of the methods experimented with, and it showed a significant improvement in BLEU score from the base model without subword tokenization.  4. Specific findings per morphological typology (e.g., polysynthetic, agglutinative, fusional)    Answer: The paper provides findings specific to the agglutinative typology, reporting a BLEU score of 28.17 for Manipuri to English translation in a low-resource setting.    Evidence: The abstract highlights the success of the proposed methods in achieving a BLEU score of 28.17, specifically for the agglutinative language Manipuri.","The abstract provides a clear overview of the challenges associated with the morphological complexity of agglutinative languages in low-resource settings and outlines the techniques used to address these challenges. It specifically highlights the effectiveness of subword tokenization and other neural methods in improving translation accuracy. However, the abstract does not discuss other morphological typologies like isolating, fusional, or polysynthetic, nor does it provide a detailed comparison of different morphology-aware techniques beyond subword modeling."
"machine translation for english-inuktitut with segmentation, data acquisition and pre-training.pdf","1. Challenges of morphological complexity    Answer: Yes, the paper discusses challenges posed by the morphological complexity of polysynthetic languages.    Evidence: The abstract mentions that translating to and from low-resource polysynthetic languages presents numerous challenges for neural machine translation (NMT). It specifically highlights the importance of correct morphological segmentation for such languages.  2. Proposed techniques    Answer: The paper evaluates several techniques to address the challenges of morphological complexity, including morphological segmentation, adding data from a related language, and using contextual word embeddings.    Evidence: The abstract states that the paper investigates the importance of correct morphological segmentation, the potential benefits of adding data from a related language (Greenlandic), and the use of contextual word embeddings to improve translation.  3. Morphology-aware techniques    Answer: The paper compares morphological segmentation to byte-pair encoding (BPE) and evaluates its effectiveness for polysynthetic languages.    Evidence: The abstract notes that existing NMT research showed morphological segmentation outperforms BPE for some agglutinative languages, and the paper investigates if this also holds true for polysynthetic languages.  4. Specific findings per morphological typology (e.g., polysynthetic, agglutinative, fusional)    Answer: The paper specifically addresses polysynthetic languages and reports mixed results for the techniques evaluated.    Evidence: The abstract indicates that while each method (morphological segmentation, additional data from a related language, and contextual word embeddings) showed some promise, the results are mixed for the English–Inuktitut language pair, which involves a polysynthetic language.","The abstract provides a clear overview of the challenges and techniques related to the morphological complexity of polysynthetic languages in a low-resource context. It identifies specific methods evaluated to address these challenges and compares them to existing approaches like BPE. However, the abstract does not provide detailed outcomes or specific findings for each technique, nor does it address other morphological typologies such as agglutinative or fusional languages. The focus is primarily on polysynthetic languages, specifically Inuktitut, in the context of machine translation."
exploiting multiple correlated modalities can enhance low-resource machine translation quality.pdf,"1. Challenges of morphological complexity      Answer: Yes, the paper discusses challenges related to the morphological complexity of the target language, specifically mentioning that Manipuri is a morphologically rich and agglutinative language.      Evidence: The abstract states, ""Manipuri is an agglutinative language and is morphologically rich with extensive suffixation but limited prefixation.""  2. Proposed techniques      Answer: The paper proposes using multimodal machine translation (MMT) techniques to address challenges in low-resource machine translation, leveraging multiple correlated modalities such as text, images, and audio.      Evidence: The abstract mentions, ""We carried out an extensive analysis of the MT systems trained with text-only and multimodal inputs using automatic metrics and human evaluation techniques.""  3. Morphology-aware techniques      Answer: The abstract does not explicitly mention any morphology-aware techniques such as subword modeling, morphological analyzers, or morpheme segmentation.      Evidence: There is no specific mention of morphology-aware techniques in the abstract.  4. Specific findings per morphological typology (e.g., polysynthetic, agglutinative, fusional)      Answer: The abstract provides findings specific to the agglutinative nature of Manipuri, indicating that integrating multiple correlated modalities enhances the MT system performance in low-resource settings.      Evidence: The abstract states, ""Our findings attest that integrating multiple correlated modalities enhances the MT system performance in low-resource settings achieving a significant improvement of up to +3 BLEU score.""","The abstract provides insights into the challenges posed by the morphological complexity of Manipuri, an agglutinative language, and suggests that multimodal approaches can improve translation quality in low-resource settings. However, it does not detail specific morphology-aware techniques or provide a comparison of such techniques. The focus is on the use of multimodal inputs rather than specific morphological processing methods. There is a gap in the abstract regarding explicit morphology-aware techniques and their comparison to other approaches."
